Company,Content,Date,LinkSrc,Title
데일리안,30일 오전 국회에서 열린 자유한국당 비대위원-중진의원 연석회의에서 김무성 의원이 발언하고 있다. 김 의원은 “문재인 정부가 7 ,1분전,https://news.naver.com/main/read.nhn?mode=LSD&mid=sec&sid1=100&oid=119&aid=0002308820,<포토>김무성 “역사는 문 대통령 국가재정 파탄 주범으로 기록할 것”
YTN,바른미래당 김관영 원내대표는 국회의원의 이해충돌 논란과 관련해 늦었지만 국회 차원에서 진지한 논의를 본격적으로 시작해 법제화를 ,2분전,https://news.naver.com/main/read.nhn?mode=LSD&mid=sec&sid1=100&oid=052&aid=0001247466,"김관영 ""이해충돌 방지, 법제화 모색해야"""
연합뉴스,(도쿄=연합뉴스) 박세진 특파원 = 일본 해상자위대 함정에서 지난해 발생했던 한 초급장교의 자살의 원인이 상관들의 집단적인 언어 ,2분전,https://news.naver.com/main/read.nhn?mode=LSD&mid=sec&sid1=100&oid=001&aid=0010610090,日 해상자위대 장교 자살…알고보니 '상관 갑질'이 원인
연합뉴스,(평택=연합뉴스) 홍기원 기자 = 자유한국당 당대표 출마를 선언한 황교안 전 국무총리가 30일 오전 경기도 평택시 해군2함대를  ,2분전,https://news.naver.com/main/read.nhn?mode=LSD&mid=sec&sid1=100&oid=001&aid=0010610089,천안함 용사 추모비 살펴보는 황교안 전 총리
연합뉴스,(평택=연합뉴스) 홍기원 기자 = 자유한국당 당대표 출마를 선언한 황교안 전 국무총리가 30일 오전 경기도 평택시 해군2함대를  ,2분전,https://news.naver.com/main/read.nhn?mode=LSD&mid=sec&sid1=100&oid=001&aid=0010610088,천안함 용사 추모비 살펴보는 황교안 전 총리
연합뉴스,(평택=연합뉴스) 홍기원 기자 = 자유한국당 당대표 출마를 선언한 황교안 전 국무총리가 30일 오전 경기도 평택시 해군2함대를  ,3분전,https://news.naver.com/main/read.nhn?mode=LSD&mid=sec&sid1=100&oid=001&aid=0010610087,해군2함대 방문한 황교안 전 총리
연합뉴스,(평택=연합뉴스) 홍기원 기자 = 자유한국당 당대표 출마를 선언한 황교안 전 국무총리가 30일 오전 경기도 평택시 해군2함대를  ,3분전,https://news.naver.com/main/read.nhn?mode=LSD&mid=sec&sid1=100&oid=001&aid=0010610086,해군2함대 방문한 황교안 전 총리
부산일보,[속보] 법원 김경수 드루킹 댓글조작으로 여론 주도 도움 얻어부산일보3분전,3분전,https://news.naver.com/main/read.nhn?mode=LSD&mid=sec&sid1=100&oid=082&aid=0000875108,"[속보] 법원 ""김경수, 드루킹 댓글조작으로 여론 주도 도움 얻어"""
연합뉴스,(서울=연합뉴스) 김연정 기자 = 바른미래당은 30일 손학규 대표를 상임 공동위원장으로 하는 '광주세계수영선수권대회 지원특별위원 ,3분전,https://news.naver.com/main/read.nhn?mode=LSD&mid=sec&sid1=100&oid=001&aid=0010610083,"바른미래 광주세계수영선수권대회 홍보 앞장…""범정부지원 요청"""
한국일보,정부가 총 24조1000억원 규모의 예비타당성 조사(예타) 면제대상 사업을 선정한 것과 관련해 30일 야권 지도부가 “지지율  ,3분전,https://news.naver.com/main/read.nhn?mode=LSD&mid=sec&sid1=100&oid=469&aid=0000361126,"“총선대비용, 지지율 방어용” 야권 지도부, 예타 면제 맹폭"
이데일리,더불어민주당 홍영표 원내대표가 30일 오전 국회에서 열린 확대간부회의에서 발언하고 있다. (사진=연합뉴스)[이데일리 이승현 기자 ,4분전,https://news.naver.com/main/read.nhn?mode=LSD&mid=sec&sid1=100&oid=018&aid=0004302146,"홍영표 ""'신산업 사후규제' 행정규제기본법 2월 임시국회 처리"""
아시아경제,[아시아경제 김혜민 기자] 나경원 자유한국당 원내대표는 30일 손혜원 의원 목포 부동산 투기 의혹과 관련해 국정조사를 한다면  ,4분전,https://news.naver.com/main/read.nhn?mode=LSD&mid=sec&sid1=100&oid=277&aid=0004404180,"나경원 ""손혜원 국정조사 받으면 이해충돌 전수조사할 것"""
뉴시스,【서울=뉴시스】이종철 기자 = 30일 서울 여의도 국회에서 열린 자유한국당 비대위원회·중진의원 회의에서 나경원 원내대표와 정용기 ,4분전,https://news.naver.com/main/read.nhn?mode=LSD&mid=sec&sid1=100&oid=003&aid=0009039267,의견 나누는 나경원-정용기
머니S,곽상도 자유한국당 의원이 29일 문재인 대통령의 딸 다혜씨의 해외이주 관련 의혹을 제기하자 청와대가 강경 대응 입장을 밝혔다.  ,4분전,https://news.naver.com/main/read.nhn?mode=LSD&mid=sec&sid1=100&oid=417&aid=0000375825,"문재인 딸 의혹, 곽상도 문제 제기→청와대 반박→곽상도 재반박"
뉴시스,【서울=뉴시스】이종철 기자 = 자유한국당 김병준 비대위원장 나경원 원내대표를 비롯한 참석자들이 30일 서울 여의도 국회에서 열 ,4분전,https://news.naver.com/main/read.nhn?mode=LSD&mid=sec&sid1=100&oid=003&aid=0009039265,심각한 자유한국당 비대위원회·중진의원 회의
뉴스1,(서울=뉴스1) 조소영 기자양새롬 기자 = 문재인 대통령이 30일 국민경제자문회의 신임 부의장 경제과학특별보좌관과 오찬을 갖 ,4분전,https://news.naver.com/main/read.nhn?mode=LSD&mid=sec&sid1=100&oid=421&aid=0003811376,"文대통령, 국민경제자문회의 부의장·경제과학특보와 오찬(종합)"
뉴스1,(서울=뉴스1) 나혜윤 기자 = '드루킹' 댓글조작 의혹으로 재판을 받아온 김경수 경남지사에 대한 1심 선고가 30일 열리는 가 ,5분전,https://news.naver.com/main/read.nhn?mode=LSD&mid=sec&sid1=100&oid=421&aid=0003811374,"김경수, 오늘 1심 선고…악재 겹친 與 결과에 '촉각'"
뉴시스,【대구=뉴시스】정창오 기자 =자유한국당 전당대회에서 당 대표 출마가 유력한 정우택(충북 청주시상당구) 의원이 30일 오전 대구시 ,5분전,https://news.naver.com/main/read.nhn?mode=LSD&mid=sec&sid1=100&oid=003&aid=0009039260,대구서 기자간담회 하는 정우택
뉴시스,【대구=뉴시스】정창오 기자 =자유한국당 전당대회에서 당 대표 출마가 유력한 정우택(충북 청주시상당구) 의원이 30일 오전 대구시 ,5분전,https://news.naver.com/main/read.nhn?mode=LSD&mid=sec&sid1=100&oid=003&aid=0009039259,"정우택, 대구서 기자간담회 열어"
뉴시스,【서울=뉴시스】김성진 기자 = 국방과학연구소(ADD)가 30일 '비용분석 실무참고서' 개정판을 발간했다고 밝혔다. 지난 2003 ,6분전,https://news.naver.com/main/read.nhn?mode=LSD&mid=sec&sid1=100&oid=003&aid=0009039257,"국방과학연구소, 비용분석 실무참고서 개정판 발간…실무자 '길잡이'"
뉴시스,【서울=뉴시스】 공군이 김해기지에서 KC-330 공중급유기 전력화 행사를 실시한다고 30일 밝혔다. KC-330 공중급유기가 공 ,6분전,https://news.naver.com/main/read.nhn?mode=LSD&mid=sec&sid1=100&oid=003&aid=0009039256,전투기와 비행하는 KC-330 공중급유기
조선일보,나경원 소득주도성장이 토건주도성장으로 바뀐 것 김무성 역사가 ‘文 대통령은 국가재정 파탄 주범’으로 기록할 것 자유한국당 ,6분전,https://news.naver.com/main/read.nhn?mode=LSD&mid=sec&sid1=100&oid=023&aid=0003424724,"김병준 “예타 면제, 총선용 세금 퍼붓기…‘묻지마 국정’”"
이데일리,[이데일리 방인권 기자] 김병준 자유한국당 비상대책위원장이 30일 오전 서울 영등포구 여의도 국회에서 열린 '자유한국당 비대위 ,6분전,https://news.naver.com/main/read.nhn?mode=LSD&mid=sec&sid1=100&oid=018&aid=0004302144,"[포토]김병준, ""文정부 예타면제, 측근 밀어주기이자 총선 대비용"""
이데일리,[이데일리 방인권 기자] 김병준 자유한국당 비상대책위원장이 30일 오전 서울 영등포구 여의도 국회에서 열린 '자유한국당 비대위 ,6분전,https://news.naver.com/main/read.nhn?mode=LSD&mid=sec&sid1=100&oid=018&aid=0004302143,"[포토]김병준 비대위원장, ""文정부 예타면제, 측근 밀어주기이자 총선 대비용"""
헤럴드경제,[헤럴드경제=이원율 기자] 김관영<사진> 바른미래당 원내대표는 30일 국회의원 이해충돌 논란에 대해 “국회 차원에서 본격적인 법 ,6분전,https://news.naver.com/main/read.nhn?mode=LSD&mid=sec&sid1=100&oid=016&aid=0001493673,김관영 “국회서 이해충돌 방지 법제화 논의해야”
뉴시스,【서울=뉴시스】박준호 기자 = 김관영 바른미래당 원내대표는 30일 손혜원 의원의 투기 의혹으로 촉발된 국회의원의 이해충돌 방지  ,6분전,https://news.naver.com/main/read.nhn?mode=LSD&mid=sec&sid1=100&oid=003&aid=0009039248,"김관영 ""與野, 국회의원 이해충돌 문제 법제화 모색해야"""
오마이뉴스,경남도 “북한 광물자원 활용과 경제협력 대응 위한 워크숍 다양한 의견 제시 [오마이뉴스 윤성효 기자] ▲ 경상남도는 1월 2 ,6분전,https://news.naver.com/main/read.nhn?mode=LSD&mid=sec&sid1=100&oid=047&aid=0002216007,"""북한 자원과 남한 기술이 만나면 자원기술강국 될 것"""
YTN,더불어민주당 이해찬 대표는 민주노총의 노사정 대화 기구인 경제사회노동위원회 참여가 무산된 데 대해 참으로 유감이라면서도 내부 토 ,6분전,https://news.naver.com/main/read.nhn?mode=LSD&mid=sec&sid1=100&oid=052&aid=0001247462,"이해찬 ""민주노총 대타협의 길로 나오길 기대"""
뉴시스,【서울=뉴시스】 공군이 김해기지에서 KC-330 공중급유기 전력화 행사를 실시한다고 30일 밝혔다. KC-330 공중급유기가 공 ,6분전,https://news.naver.com/main/read.nhn?mode=LSD&mid=sec&sid1=100&oid=003&aid=0009039251,우리 공군에 배치된 공중급유기
뉴시스,【서울=뉴시스】 공군이 김해기지에서 KC-330 공중급유기 전력화 행사를 실시한다고 30일 밝혔다. KC-330 공중급유기가 급 ,6분전,https://news.naver.com/main/read.nhn?mode=LSD&mid=sec&sid1=100&oid=003&aid=0009039250,급유 준비하는 KC-330 공중급유기
뉴시스,【서울=뉴시스】 공군이 김해기지에서 KC-330 공중급유기 전력화 행사를 실시한다고 30일 밝혔다. KC-330 공중급유기가 공 ,6분전,https://news.naver.com/main/read.nhn?mode=LSD&mid=sec&sid1=100&oid=003&aid=0009039249,KF-15 전투기와 비행하는 공중급유기
뉴시스,【서울=뉴시스】 공군이 김해기지에서 KC-330 공중급유기 전력화 행사를 실시한다고 30일 밝혔다. KC-330 공중급유기가 공 ,6분전,https://news.naver.com/main/read.nhn?mode=LSD&mid=sec&sid1=100&oid=003&aid=0009039247,전튜기에 급유하는  KC-330 공중급유기
뉴시스,【서울=뉴시스】 공군이 김해기지에서 KC-330 공중급유기 전력화 행사를 실시한다고 30일 밝혔다. KC-330 공중급유기가 급 ,6분전,https://news.naver.com/main/read.nhn?mode=LSD&mid=sec&sid1=100&oid=003&aid=0009039246,급유 준비하는 KC-330 공중급유기
뉴시스,【서울=뉴시스】 공군이 김해기지에서 KC-330 공중급유기 전력화 행사를 실시한다고 30일 밝혔다. KC-330 공중급유기가 공 ,6분전,https://news.naver.com/main/read.nhn?mode=LSD&mid=sec&sid1=100&oid=003&aid=0009039245,전투기에 급유하는 공중급유기
데일리안,나경원 자유한국당 원내대표가 30일 오전 국회에서 열린 비대위원-중진의원 연석회의에서 발언하고 있다. 데일리안 박항구 기자 (u ,6분전,https://news.naver.com/main/read.nhn?mode=LSD&mid=sec&sid1=100&oid=119&aid=0002308819,<포토>나경원 원내대표 비대위원-중진의원 연석회의 발언
데일리안,김병준 자유한국당 비상대책위원장이 30일 오전 국회에서 열린 비대위원-중진의원 연석회의에서 발언하고 있다. 데일리안 박항구 기자 ,6분전,https://news.naver.com/main/read.nhn?mode=LSD&mid=sec&sid1=100&oid=119&aid=0002308818,<포토>비대위원-중진의원 연석회의 발언하는 김병준 위원장
연합뉴스,(평택=연합뉴스) 홍기원 기자 = 자유한국당 당대표 출마를 선언한 황교안 전 국무총리가 30일 오전 경기도 평택시 해군2함대를  ,6분전,https://news.naver.com/main/read.nhn?mode=LSD&mid=sec&sid1=100&oid=001&aid=0010610077,묵념하는 황교안 전 총리
뉴시스,【서울=뉴시스】오제일 정윤아 기자 = 나경원 자유한국당 원내대표는 30일 무소속 손혜원 의원의 목포 투기 의혹과 관련해 손 의 ,7분전,https://news.naver.com/main/read.nhn?mode=LSD&mid=sec&sid1=100&oid=003&aid=0009039239,"나경원 ""손혜원 국정조사 시 이해충돌 전수조사 수용"""
KBS,자유한국당은 어제(29일) 정부의 예비타당성 면제 사업 발표와 관련해 국정을 사유화 하고 토건주도성장으로 경제 정책을 바꾸는 ,7분전,https://news.naver.com/main/read.nhn?mode=LSD&mid=sec&sid1=100&oid=056&aid=0010666484,"한국당 “예타 면제, 국정 사유화·토건주도성장으로 전환”"
뉴시스,【서울=뉴시스】 김현종 산업통상자원부 통상교섭본부장은 29일 오후(현지시각)미국 워싱턴 D.C.에서 척 그래슬리(Chuck Gr ,7분전,https://news.naver.com/main/read.nhn?mode=LSD&mid=sec&sid1=100&oid=003&aid=0009039236,"김현종 통상교섭본부장, 미 상원 재무위원장 면담"
뉴시스,【서울=뉴시스】 김현종 산업통상자원부 통상교섭본부장은 29일 오후(현지시각)미국 워싱턴 D.C.에서 척 그래슬리(Chuck Gr ,7분전,https://news.naver.com/main/read.nhn?mode=LSD&mid=sec&sid1=100&oid=003&aid=0009039236,"김현종 통상교섭본부장, 미 상원 재무위원장 면담"
이데일리,[이데일리 방인권 기자] 김병준 자유한국당 비상대책위원장이 30일 오전 서울 영등포구 여의도 국회에서 열린 '자유한국당 비대위 ,7분전,https://news.naver.com/main/read.nhn?mode=LSD&mid=sec&sid1=100&oid=018&aid=0004302142,"[포토]김병준 비대위원장, '자유한국당, 비대위원회·중진의원 회의' 주재"
이데일리,[이데일리 방인권 기자] 김병준 자유한국당 비상대책위원장이 30일 오전 서울 영등포구 여의도 국회에서 열린 '자유한국당 비대위 ,7분전,https://news.naver.com/main/read.nhn?mode=LSD&mid=sec&sid1=100&oid=018&aid=0004302141,"[포토]김병준 자유한국당 비대위원장, '비대위원회·중진의원 회의' 주재"
이데일리,[이데일리 방인권 기자] 김병준 자유한국당 비상대책위원장이 30일 오전 서울 영등포구 여의도 국회에서 열린 '자유한국당 비대위 ,7분전,https://news.naver.com/main/read.nhn?mode=LSD&mid=sec&sid1=100&oid=018&aid=0004302140,[포토]'비대위원회·중진의원 회의' 주재하는 김병준 자유한국당 비대위원장
이데일리,[이데일리 방인권 기자] 김병준 자유한국당 비상대책위원장이 30일 오전 서울 영등포구 여의도 국회에서 열린 '자유한국당 비대위 ,7분전,https://news.naver.com/main/read.nhn?mode=LSD&mid=sec&sid1=100&oid=018&aid=0004302139,[포토]'비대위원회·중진의원 회의' 주재하는 김병준 자유한국당 위원장
이데일리,[이데일리 방인권 기자] 김병준 자유한국당 비상대책위원장이 30일 오전 서울 영등포구 여의도 국회에서 열린 '자유한국당 비대위 ,8분전,https://news.naver.com/main/read.nhn?mode=LSD&mid=sec&sid1=100&oid=018&aid=0004302138,"[포토]'자유한국당, 비대위원회·중진의원 회의' 주재하는 김병준 위원장"
연합뉴스,(평택=연합뉴스) 홍기원 기자 = 자유한국당 당대표 출마를 선언한 황교안 전 국무총리가 30일 오전 경기도 평택시 해군2함대를  ,8분전,https://news.naver.com/main/read.nhn?mode=LSD&mid=sec&sid1=100&oid=001&aid=0010610072,천안함 용사 추모비 설명 듣는 황교안 전 총리
연합뉴스,(평택=연합뉴스) 홍기원 기자 = 자유한국당 당대표 출마를 선언한 황교안 전 국무총리가 30일 오전 경기도 평택시 해군2함대를  ,8분전,https://news.naver.com/main/read.nhn?mode=LSD&mid=sec&sid1=100&oid=001&aid=0010610071,천안함 용사 추모비 설명 듣는 황교안 전 총리
연합뉴스,(평택=연합뉴스) 홍기원 기자 = 자유한국당 당대표 출마를 선언한 황교안 전 국무총리가 30일 오전 경기도 평택시 해군2함대를  ,8분전,https://news.naver.com/main/read.nhn?mode=LSD&mid=sec&sid1=100&oid=001&aid=0010610070,천안함 용사 추모비 설명 듣는 황교안 전 총리
연합뉴스,(평택=연합뉴스) 홍기원 기자 = 자유한국당 당대표 출마를 선언한 황교안 전 국무총리가 30일 오전 경기도 평택시 해군2함대를  ,8분전,https://news.naver.com/main/read.nhn?mode=LSD&mid=sec&sid1=100&oid=001&aid=0010610069,천안함 용사 추모비 설명 듣는 황교안 전 총리
아시아경제,[아시아경제 임춘한 기자] 조경태 자유한국당 의원은 30일 “기존의 웰빙 정당 구태 정당 낡은 정당이라는 이미지를 완전히 벗 ,8분전,https://news.naver.com/main/read.nhn?mode=LSD&mid=sec&sid1=100&oid=277&aid=0004404172,"조경태, 한국당 최고위원 출마선언…“지지율 45%까지 끌어올려야”"
한국경제,문재인 대통령이 30일 이제민 국민경제자문회의 신임 부의장 이정동 경제과학특별보좌관과 오찬 간담회를 한다. 이 자리에서 공정경 ,8분전,https://news.naver.com/main/read.nhn?mode=LSD&mid=sec&sid1=100&oid=015&aid=0004086756,"문 대통령, 국민경제자문회의 부의장 오찬…경제 활력 제고 등 논의"
뉴스1,(서울=뉴스1) 김성은 기자 = 민주평화당은 30일 어제 발표된 예비타당성 면제사업은 국가재정법상 지역균형발전이란 이유를 대고 ,8분전,https://news.naver.com/main/read.nhn?mode=LSD&mid=sec&sid1=100&oid=421&aid=0003811369,"평화당 ""예타 면제로 오히려 지역불균형 심화 우려"""
이데일리,[이데일리 방인권 기자] 김무성 의원이 30일 오전 서울 영등포구 여의도 국회에서 열린 '자유한국당 비대위원회·중진의원 회의' ,9분전,https://news.naver.com/main/read.nhn?mode=LSD&mid=sec&sid1=100&oid=018&aid=0004302137,"[포토]'자유한국당, 비대위원회·중진의원 회의' 참석한 김무성 의원"
뉴시스,【대구=뉴시스】정창오 기자 =자유한국당 전당대회에서 당 대표 출마가 유력한 정우택(충북 청주시상당구) 의원이 30일 대구를 방문 ,9분전,https://news.naver.com/main/read.nhn?mode=LSD&mid=sec&sid1=100&oid=003&aid=0009039228,정우택 “대권주자형 당대표 뽑으면 사당화 될 것” 
뉴시스,【세종=뉴시스】강종민 기자 = 강용석 국립해양조사원장이 30일 오전 정부세종청사에서 지난해 말 실시한 한강하구 공동이용수역 남북 ,10분전,https://news.naver.com/main/read.nhn?mode=LSD&mid=sec&sid1=100&oid=003&aid=0009039226,남북 한강하구 공동이용수역 해도 완성
뉴시스,【세종=뉴시스】강종민 기자 = 강용석 국립해양조사원장이 30일 오전 정부세종청사에서 지난해 말 실시한 한강하구 공동이용수역 남북 ,10분전,https://news.naver.com/main/read.nhn?mode=LSD&mid=sec&sid1=100&oid=003&aid=0009039225,남북 한강하구 공동이용수역 해도 완성
뉴시스,【세종=뉴시스】강종민 기자 = 강용석 국립해양조사원장이 30일 오전 정부세종청사에서 지난해 말 실시한 한강하구 공동이용수역 남북 ,10분전,https://news.naver.com/main/read.nhn?mode=LSD&mid=sec&sid1=100&oid=003&aid=0009039224,남북 한강하구 공동이용수역 해도 완성
이데일리,[이데일리 방인권 기자] 나경원 자유한국당 원내대표가 30일 오전 서울 영등포구 여의도 국회에서 열린 '자유한국당 비대위원회· ,10분전,https://news.naver.com/main/read.nhn?mode=LSD&mid=sec&sid1=100&oid=018&aid=0004302134,"[포토]나경원 원내대표, ""손혜원 국정조사 하면 이해충돌 전수조사 해도 좋다"""
이데일리,[이데일리 방인권 기자] 나경원 자유한국당 원내대표가 30일 오전 서울 영등포구 여의도 국회에서 열린 '자유한국당 비대위원회· ,10분전,https://news.naver.com/main/read.nhn?mode=LSD&mid=sec&sid1=100&oid=018&aid=0004302133,[포토]'비대위원회·중진의원 회의'에서 발언하는 나경원 원내대표
이데일리,[이데일리 방인권 기자] 나경원 자유한국당 원내대표가 30일 오전 서울 영등포구 여의도 국회에서 열린 '자유한국당 비대위원회· ,10분전,https://news.naver.com/main/read.nhn?mode=LSD&mid=sec&sid1=100&oid=018&aid=0004302133,[포토]'비대위원회·중진의원 회의'에서 발언하는 나경원 원내대표
이데일리,[이데일리 방인권 기자] 나경원 자유한국당 원내대표가 30일 오전 서울 영등포구 여의도 국회에서 열린 '자유한국당 비대위원회· ,10분전,https://news.naver.com/main/read.nhn?mode=LSD&mid=sec&sid1=100&oid=018&aid=0004302132,"[포토]'자유한국당, 비대위원회·중진의원 회의'에서 발언하는 나경원 원내대표"
이데일리,[이데일리 방인권 기자] 나경원 자유한국당 원내대표가 30일 오전 서울 영등포구 여의도 국회에서 열린 '자유한국당 비대위원회· ,10분전,https://news.naver.com/main/read.nhn?mode=LSD&mid=sec&sid1=100&oid=018&aid=0004302131,[포토]'비대위원회·중진의원 회의'에서 발언하는 나경원 자유한국당 원내대표
헤럴드경제,-민간선박 정전협정 이후 65년간 한강하구 항행 못해 -9ㆍ19 남북 군사합의 이후 남북 한강하구 공동 조사 [헤럴드경제=김수 ,10분전,https://news.naver.com/main/read.nhn?mode=LSD&mid=sec&sid1=100&oid=016&aid=0001493667,민간선박 못 다니던 한강하구 안전항해길 열렸다…30일 北에 해도 전달
이데일리,[이데일리 방인권 기자] 나경원 자유한국당 원내대표가 30일 오전 서울 영등포구 여의도 국회에서 열린 '자유한국당 비대위원회· ,10분전,https://news.naver.com/main/read.nhn?mode=LSD&mid=sec&sid1=100&oid=018&aid=0004302130,[포토]발언하는 나경원 자유한국당 원내대표
MBC,국회 파견 판사에게 아는 사람 아들의 재판을 청탁했다는 의혹을 받고 있는 더불어민주당 서영교 의원이 지역구민에게 해명이 담긴 문 ,10분전,https://news.naver.com/main/read.nhn?mode=LSD&mid=sec&sid1=100&oid=214&aid=0000920114,"'재판청탁' 서영교(민) 의원, 지역구민에 해명성 문자 발송"
MBC,바른미래당 김관영 원내대표는 국회의원 이해충돌 논란과 관련해 더불어민주당과 자유한국당 양당은 국회로 먼저 들어와서 이 문제를  ,10분전,https://news.naver.com/main/read.nhn?mode=LSD&mid=sec&sid1=100&oid=214&aid=0000920113,"김관영(바) ""이해충돌방지, 민주·한국당 국회에서 논의해야"""
데일리안,김병준 자유한국당 비상대책위원장과 나경원 원내대표 김무성 정갑윤 의원 등이 30일 국회에서 열린 비대위원-중진의원 연석회의에 ,11분전,https://news.naver.com/main/read.nhn?mode=LSD&mid=sec&sid1=100&oid=119&aid=0002308816,<포토>연석회의 참석하는 김병준-나경원-김무성
이데일리,[이데일리 방인권 기자] 나경원 원내대표(오른쪽)와 정용기 자유한국당 정책위의장이 30일 오전 서울 영등포구 여의도 국회에서 열 ,12분전,https://news.naver.com/main/read.nhn?mode=LSD&mid=sec&sid1=100&oid=018&aid=0004302127,[포토]이야기 나누는 나경원-정용기
연합뉴스,(평택=연합뉴스) 홍기원 기자 = 자유한국당 당대표 출마를 선언한 황교안 전 국무총리가 30일 오전 경기도 평택시 해군2함대를  ,12분전,https://news.naver.com/main/read.nhn?mode=LSD&mid=sec&sid1=100&oid=001&aid=0010610057,천안함 둘러보는 황교안 전 총리
연합뉴스,(평택=연합뉴스) 홍기원 기자 = 자유한국당 당대표 출마를 선언한 황교안 전 국무총리가 30일 오전 경기도 평택시 해군2함대를  ,12분전,https://news.naver.com/main/read.nhn?mode=LSD&mid=sec&sid1=100&oid=001&aid=0010610056,천안함 둘러보는 황교안 전 총리
연합뉴스,(평택=연합뉴스) 홍기원 기자 = 자유한국당 당대표 출마를 선언한 황교안 전 국무총리가 30일 오전 경기도 평택시 해군2함대를  ,12분전,https://news.naver.com/main/read.nhn?mode=LSD&mid=sec&sid1=100&oid=001&aid=0010610055,천안함 둘러보는 황교안 전 총리
연합뉴스,(평택=연합뉴스) 홍기원 기자 = 자유한국당 당대표 출마를 선언한 황교안 전 국무총리가 30일 오전 경기도 평택시 해군2함대를  ,12분전,https://news.naver.com/main/read.nhn?mode=LSD&mid=sec&sid1=100&oid=001&aid=0010610054,천안함 둘러보는 황교안 전 총리
연합뉴스,(평택=연합뉴스) 홍기원 기자 = 자유한국당 당대표 출마를 선언한 황교안 전 국무총리가 30일 오전 경기도 평택시 해군2함대를  ,12분전,https://news.naver.com/main/read.nhn?mode=LSD&mid=sec&sid1=100&oid=001&aid=0010610053,천안함 둘러보는 황교안 전 총리
연합뉴스,(평택=연합뉴스) 홍기원 기자 = 자유한국당 당대표 출마를 선언한 황교안 전 국무총리가 30일 오전 경기도 평택시 해군2함대를  ,12분전,https://news.naver.com/main/read.nhn?mode=LSD&mid=sec&sid1=100&oid=001&aid=0010610052,천안함 둘러보는 황교안 전 총리
데일리안,자유한국당 김무성 정진석 의원이 30일 오전 국회에서 열리는 비대위원-중진의원 연석회의에 참석하고 있다. 데일리안 박항구 기자 ,12분전,https://news.naver.com/main/read.nhn?mode=LSD&mid=sec&sid1=100&oid=119&aid=0002308815,<포토>비대위원-중진의원 연석회의 참석하는 김무성-정진석
뉴시스,【서울=뉴시스】 해군 정비창은 전군 최초로 국제표준 안전보건경영시스템인 ‘ISO 45001’ 인증을 획득했다. 정비창은 지난 2 ,12분전,https://news.naver.com/main/read.nhn?mode=LSD&mid=sec&sid1=100&oid=003&aid=0009039218,"해준 정비창, 전군 최초 ISO 45001 인증 획득"
뉴시스,【세종=뉴시스】강종민 기자 = 국립해양조사원 임관창 서기관이 30일 오전 정부세종청사에서 지난해 말 실시한 한강하구 공동이용수역 ,13분전,https://news.naver.com/main/read.nhn?mode=LSD&mid=sec&sid1=100&oid=003&aid=0009039217,한강하구 남북 공동이용수역 해도 완성
뉴시스,【세종=뉴시스】강종민 기자 = 국립해양조사원 임관창 서기관이 30일 오전 정부세종청사에서 지난해 말 실시한 한강하구 공동이용수역 ,13분전,https://news.naver.com/main/read.nhn?mode=LSD&mid=sec&sid1=100&oid=003&aid=0009039216,한강하구 남북 공동이용수역 해도 완성
뉴시스,【세종=뉴시스】강종민 기자 = 국립해양조사원 임관창 서기관이 30일 오전 정부세종청사에서 지난해 말 실시한 한강하구 공동이용수역 ,13분전,https://news.naver.com/main/read.nhn?mode=LSD&mid=sec&sid1=100&oid=003&aid=0009039215,한강하구 남북 공동이용수역 해도 완성
뉴시스,【세종=뉴시스】강종민 기자 = 국립해양조사원 임관창 서기관이 30일 오전 정부세종청사에서 지난해 말 실시한 한강하구 공동이용수역 ,13분전,https://news.naver.com/main/read.nhn?mode=LSD&mid=sec&sid1=100&oid=003&aid=0009039214,한강하구 남북 공동이용수역 해도 북에 전달
동아일보,나경원 자유한국당 원내대표는 청와대가 문재인 대통령의 딸 다혜 씨 가족의 해외 이주 의혹을 소상히 밝혀야 한다고 밝혔다. 나 원 ,13분전,https://news.naver.com/main/read.nhn?mode=LSD&mid=sec&sid1=100&oid=020&aid=0003196264,"나경원 “靑, 문재인 대통령 딸 해외이주 의혹 소상히 밝혀라”"
뉴스1,(서울=뉴스1) 양새롬 기자 = 청와대가 요청해 김혁철 전 스페인 주재 북한대사가 스티븐 비건 미 국무부 대북정책특별대표의 카운 ,13분전,https://news.naver.com/main/read.nhn?mode=LSD&mid=sec&sid1=100&oid=421&aid=0003811368,"靑 ""北김혁철을 美비건 카운터파트로 요청? 사실무근"""
뉴시스,【서울=뉴시스】이종철 기자 = 30일 서울 여의도 국회에서 열린 바른미래당 제61차 최고위원회의 및 2019 광주세계수영선수권대 ,13분전,https://news.naver.com/main/read.nhn?mode=LSD&mid=sec&sid1=100&oid=003&aid=0009039212,물 마시는 손학규 대표
뉴시스,【서울=뉴시스】이종철 기자 = 30일 서울 여의도 국회에서 열린 바른미래당 제61차 최고위원회의 및 2019 광주세계수영선수권대 ,13분전,https://news.naver.com/main/read.nhn?mode=LSD&mid=sec&sid1=100&oid=003&aid=0009039211,물 마시는 손학규 대표
SBS,북한이 지난해 6·12 북미정상회담 합의에도 여전히 수십 개의 핵무기와 핵물질을 보유하고 있으며 앞으로도 생산할 것으로 보인다고 ,13분전,https://news.naver.com/main/read.nhn?mode=LSD&mid=sec&sid1=100&oid=055&aid=0000707129,"美 연구소, ""北, 수십 개 핵무기 보유…계속 생산할 수 있어"""
파이낸셜뉴스,한강하구에서 만난 남북 (서울=연합뉴스) 남북 공동한강하구수로 조사가 시작된 5일 강화 교동도 북단 한강하구에서 윤창휘 공동조사 ,14분전,https://news.naver.com/main/read.nhn?mode=LSD&mid=sec&sid1=100&oid=014&aid=0004169549,한강하구 해도 전달.. 판문점서 남북 군사 실무접촉
한겨레,“지금 지지자들이야 으으 하지만,14분전,https://news.naver.com/main/read.nhn?mode=LSD&mid=sec&sid1=100&oid=028&aid=0002441576, 이정미 “정치 쉽게 생각하면 큰코 다쳐” 황교안에 충고   
뉴스1,(서울=뉴스1) 김윤경 기자 = 북한이 29일(현지시간) 자국의 비핵화 노력에 대해 미국이 상응조치를 취한다면 두 나라 관계가  ,14분전,https://news.naver.com/main/read.nhn?mode=LSD&mid=sec&sid1=100&oid=421&aid=0003811364,"주제네바 北대사 ""美,상응조치하면 관계 빠르게 발전""(종합)"
뉴시스,【서울=뉴시스】 공군이 김해기지에서 KC-330 공중급유기 전력화 행사를 실시한다고 30일 전했다. KC-330 공중급유기가 활 ,15분전,https://news.naver.com/main/read.nhn?mode=LSD&mid=sec&sid1=100&oid=003&aid=0009039207,"공군, 공중급유기 전력화"
뉴시스,【서울=뉴시스】 공군이 김해기지에서 KC-330 공중급유기 전력화 행사를 실시한다고 30일 전했다. 사진은 KC-330 공중급유 ,15분전,https://news.naver.com/main/read.nhn?mode=LSD&mid=sec&sid1=100&oid=003&aid=0009039206,"공군, KC-330 공중급유기 전력화"
뉴시스,【서울=뉴시스】 공군이 김해기지에서 KC-330 공중급유기 전력화 행사를 실시한다고 30일 밝혔다. KC-330 공중급유기가 급 ,15분전,https://news.naver.com/main/read.nhn?mode=LSD&mid=sec&sid1=100&oid=003&aid=0009039205,우리 공군에 배치된 공중급유기
뉴시스,【서울=뉴시스】 공군이 김해기지에서 KC-330 공중급유기 전력화 행사를 실시한다고 30일 밝혔다. KC-330 공중급유기 급유 ,15분전,https://news.naver.com/main/read.nhn?mode=LSD&mid=sec&sid1=100&oid=003&aid=0009039204,전투기에 급유 준비하는 승무원
뉴시스,【서울=뉴시스】 공군이 김해기지에서 KC-330 공중급유기 전력화 행사를 실시한다고 30일 밝혔다. KC-330 공중급유기가 활 ,15분전,https://news.naver.com/main/read.nhn?mode=LSD&mid=sec&sid1=100&oid=003&aid=0009039203,공군  KC-330 공중급유기 전력화
연합뉴스,(서울=연합뉴스) 김승두 기자 = 30일 정부서울청사에서 열린 제20회 장애인정책조정위원회에 참석한 시각장애인이 점자로 읽고 있 ,15분전,https://news.naver.com/main/read.nhn?mode=LSD&mid=sec&sid1=100&oid=001&aid=0010610045,점자로 읽는 시각장애인
연합뉴스,(서울=연합뉴스) 김승두 기자 = 30일 정부서울청사에서 열린 제20회 장애인정책조정위원회에 참석한 시각장애인이 점자로 읽고 있 ,15분전,https://news.naver.com/main/read.nhn?mode=LSD&mid=sec&sid1=100&oid=001&aid=0010610044,점자로 읽는 시각장애인
뉴스1,(서울=뉴스1) 성도현 기자 = 공군의 첫 공중급유기(KC-330) '시그너스'(Cygnus)가 30일 전력화 행사를 한다. 올 ,15분전,https://news.naver.com/main/read.nhn?mode=LSD&mid=sec&sid1=100&oid=421&aid=0003811362,공중급유기 '시그너스' 전력화…내년 7월부터 정상작전
조세일보,홍영표 더불어민주당 원내대표는 30일 경기도 화성의 삼성전자 비메모리 사업장을 찾아 현장의 목소리를 들을 예정이다. 홍 원내대표 ,15분전,https://news.naver.com/main/read.nhn?mode=LSD&mid=sec&sid1=100&oid=123&aid=0002199316," 홍영표 ""기업현장 교감 확대""…이 총리 이어 삼성전자 방문"
KBS,바른미래당 김관영 원내대표가 국회의원 이해충돌 방지 문제를 풀기 위해 이번 기회에 본격 법제화를 모색해야 한다며 여야가 모 ,15분전,https://news.naver.com/main/read.nhn?mode=LSD&mid=sec&sid1=100&oid=056&aid=0010666481,"김관영 “이해충돌 방지, 법제화 모색할 때”…국회 복귀 촉구"
서울경제,[서울경제] 홍영표 더불어민주당 원내대표가 30일 “기업현장과의 교감을 적극 활성화하고 혁신성장의 속도감을 높일 수 있는 방안을 ,16분전,https://news.naver.com/main/read.nhn?mode=LSD&mid=sec&sid1=100&oid=011&aid=0003496817,"홍영표 ""기업현장과 적극 교감···혁신성장 속도감 높일 것"""
뉴스1,(서울=뉴스1) 정은지 기자 = 자유한국당은 곽상도 의원이 국회법에 따른 '정상적 절차'를 통해 입수한 자료를 활용해 대통령 딸 ,16분전,https://news.naver.com/main/read.nhn?mode=LSD&mid=sec&sid1=100&oid=421&aid=0003811356,"한국당, '대통령 가족' 불법 개인정보 유출 논란에 ""합법적 자료"""
KBS,자유한국당 곽상도 의원이 문재인 대통령 외손자의 학적 서류를 공개한 데 대해 더불어민주당 박광온 최고위원이 정치적 이득을 노리 ,17분전,https://news.naver.com/main/read.nhn?mode=LSD&mid=sec&sid1=100&oid=056&aid=0010666480,박광온 “대통령 손주 학적부 공개는 국회의원 권한 밖…비이성적”
조선일보,국제 인권단체 ‘엠네스티’는 문재인 대통령에게 북한 당국에 억류자 생사 관련 정보 제공을 요청해달라고 촉구했다. 영국 런던에 본 ,17분전,https://news.naver.com/main/read.nhn?mode=LSD&mid=sec&sid1=100&oid=023&aid=0003424723,"엠네스티 ""文 대통령, 北에 억류자 생사정보 요청해달라"""
뉴스1,(서울=뉴스1) 최종무 기자김세현 기자 = 박광온 더불어민주당 최고위원은 29일 곽상도 자유한국당 의원이 문재인 대통령의 딸  ,17분전,https://news.naver.com/main/read.nhn?mode=LSD&mid=sec&sid1=100&oid=421&aid=0003811352,"박광온 ""대통령 손자 학적까지 파헤친 건 아동사찰·범죄"""
세계일보,일본 정부와 각 매체가 ‘일본군 위안부 문제의 상징’ 김복동 할머니의 죽음을 애써 외면하고 있다. 일본 정부는 28일 김 할머니 ,17분전,https://news.naver.com/main/read.nhn?mode=LSD&mid=sec&sid1=100&oid=022&aid=0003337291,日정부·매체 ‘위안부 상징’ 김복동 할머니 사망 애써 외면 [특파원+]
스포츠경향,[속보] 법원 “드루킹 노회찬에 정치자금 전달” 온라인뉴스팀 sportskyunghyang@kyunghyang.com ▶ [스 ,18분전,https://news.naver.com/main/read.nhn?mode=LSD&mid=sec&sid1=100&oid=144&aid=0000593675,"[속보] 법원 “드루킹, 노회찬에 정치자금 전달”"
뉴스1,(서울=뉴스1) 배상은 기자박혜연 기자 = 강경화 외교부 장관이 30일 일본군 위안부 피해자 고(故) 김복동 할머니의 빈소를  ,18분전,https://news.naver.com/main/read.nhn?mode=LSD&mid=sec&sid1=100&oid=421&aid=0003811350,"강경화, 故김복동 할머니 조문 ""역사 속에 길이 남아주소서"""
연합뉴스,(전주=연합뉴스) 김동철 기자 = 광주고법 전주재판부 제1형사부는 선거를 앞두고 홍보성 기사를 싣는 대가로 지역 잡지 대표에게  ,19분전,https://news.naver.com/main/read.nhn?mode=LSD&mid=sec&sid1=100&oid=001&aid=0010610029,"""홍보기사 실어달라""…돈 준 군산시의원 직위상실형"
조세일보,나경원 자유한국당 원내대표는 30일 여당이 손혜원 의원 사태에 대해 물타기를 하기 위해 여러 가지 주장을 하는데 손 의원에 대 ,19분전,https://news.naver.com/main/read.nhn?mode=LSD&mid=sec&sid1=100&oid=123&aid=0002199315," 나경원 ""손혜원 국정조사 수용하면 이해충돌 전수조사 해도 좋다"""
연합뉴스,(서울=연합뉴스) 김승두 기자 = 이낙연 국무총리가 30일 정부서울청사에서 제20회 장애인정책조정위원회를 주재하고 있다. 201 ,20분전,https://news.naver.com/main/read.nhn?mode=LSD&mid=sec&sid1=100&oid=001&aid=0010610026,총리 주재 장애인정책조정위원회
동아일보,하태경 바른미래당 최고위원은 행정안전부는 버닝썬 클럽과 강남서의 유착의혹을 즉각 조사해야 한다라고 밝혔다. 하 최고위원은 3 ,20분전,https://news.naver.com/main/read.nhn?mode=LSD&mid=sec&sid1=100&oid=020&aid=0003196262,"하태경 “행안부, 버닝썬-강남경찰서 유착 의혹 즉각 조사하라”"
헤럴드경제,-전날 ‘경제’ 이어 ‘안보’,20분전,https://news.naver.com/main/read.nhn?mode=LSD&mid=sec&sid1=100&oid=016&aid=0001493650,"황교안, 출마 선언 후 첫 지방 행선지는 천안함…경제ㆍ안보 집중"
뉴시스,【서울=뉴시스】박준호 기자 = 바른미래당 손학규 대표는 30일 정부의 국가균형발전 프로젝트 일환으로 24조원 규모의 23개 사업 ,20분전,https://news.naver.com/main/read.nhn?mode=LSD&mid=sec&sid1=100&oid=003&aid=0009039191,"손학규 ""文정부, 포퓰리즘 못 벗어나면 내리막길"""
연합뉴스,김동신·권영해·김태영 등 공동대표,21분전,https://news.naver.com/main/read.nhn?mode=LSD&mid=sec&sid1=100&oid=001&aid=0010610022,'대한민국수호 예비역장성단' 오늘 출범…450여명 참여
헤럴드경제,-北 “美 상응조치시 북미관계 놀랍게 발전” -北美 예년과 달리 상호 비판ㆍ설전 사라져 [헤럴드경제=신대원 기자] 핵과 대량살상 ,21분전,https://news.naver.com/main/read.nhn?mode=LSD&mid=sec&sid1=100&oid=016&aid=0001493647,1년 전과 달라진 제네바 군축회의
연합뉴스,(서울=연합뉴스) 김승두 기자 = 이낙연 국무총리가 30일 정부서울청사에서 열린 제20회 장애인정책조정위원회에 참석하고 있다.  ,22분전,https://news.naver.com/main/read.nhn?mode=LSD&mid=sec&sid1=100&oid=001&aid=0010610020,장애인정책조정위원회 참석하는 이낙연 총리
연합뉴스,(서울=연합뉴스) 김승두 기자 = 이낙연 국무총리가 30일 정부서울청사에서 열린 제20회 장애인정책조정위원회에 참석하고 있다.  ,22분전,https://news.naver.com/main/read.nhn?mode=LSD&mid=sec&sid1=100&oid=001&aid=0010610019,장애인정책조정위원회 참석하는 이낙연 총리
연합뉴스,(서울=연합뉴스) 김승두 기자 = 이낙연 국무총리가 30일 정부서울청사에서 열린 제20회 장애인정책조정위원회에 참석하고 있다.  ,22분전,https://news.naver.com/main/read.nhn?mode=LSD&mid=sec&sid1=100&oid=001&aid=0010610018,장애인정책조정위원회 참석하는 이낙연 총리
연합뉴스,(서울=연합뉴스) 김승두 기자 = 이낙연 국무총리가 30일 정부서울청사에서 열린 제20회 장애인정책조정위원회에 참석하고 있다.  ,22분전,https://news.naver.com/main/read.nhn?mode=LSD&mid=sec&sid1=100&oid=001&aid=0010610016,장애인정책조정위원회 참석하는 이낙연 총리
연합뉴스,(서울=연합뉴스) 김승두 기자 = 이낙연 국무총리가 30일 정부서울청사에서 열린 제20회 장애인정책조정위원회에 참석하고 있다.  ,22분전,https://news.naver.com/main/read.nhn?mode=LSD&mid=sec&sid1=100&oid=001&aid=0010610014,장애인정책조정위원회 참석하는 이낙연 총리
연합뉴스,(서울=연합뉴스) 김승두 기자 = 이낙연 국무총리가 30일 정부서울청사에서 열린 제20회 장애인정책조정위원회에 참석하고 있다.  ,22분전,https://news.naver.com/main/read.nhn?mode=LSD&mid=sec&sid1=100&oid=001&aid=0010610013,장애인정책조정위원회 참석하는 이낙연 총리
이데일리,[이데일리 방인권 기자] 김병준 자유한국당 비상대책위원장(오른쪽)과 나경원 원내대표를 비롯한 의원들이 30일 오전 서울 영등포구 ,22분전,https://news.naver.com/main/read.nhn?mode=LSD&mid=sec&sid1=100&oid=018&aid=0004302121,[포토]이야기 나누는 김병준 위원장-나경원 원내대표
헤럴드경제,-文정부 예타조사 면제 비판 -“정부 누적적자 눈덩이 우려” [헤럴드경제=이원율 기자] 손학규 바른미래당 대표가 문재인 정부의  ,22분전,https://news.naver.com/main/read.nhn?mode=LSD&mid=sec&sid1=100&oid=016&aid=0001493644,"손학규 “문재인, 야권때는 토건 그리 비판하더니…”"
이데일리,[이데일리 방인권 기자] 김병준 자유한국당 비상대책위원장과 나경원 원내대표를 비롯한 의원들이 30일 오전 서울 영등포구 여의도  ,22분전,https://news.naver.com/main/read.nhn?mode=LSD&mid=sec&sid1=100&oid=018&aid=0004302118,[포토]이야기 나누는 김병준-나경원
헤럴드경제,-30일 전력화 행사서 공중급유기 명칭 ‘시그너스’로 명명 -KF-16 이어도 작전시간 기존 5분에서 1시간 추가 가능해져 [헤 ,22분전,https://news.naver.com/main/read.nhn?mode=LSD&mid=sec&sid1=100&oid=016&aid=0001493643,"공군의 ‘숙원’ 공중급유기 올해부터 전력화…독도, 이어도 작전시간 획기적 향상"
서울경제,[서울경제] 박주민 더불어민주당 최고위원은 30일 황교안 전 국무총리가 자유한국당 전당대회에 출마하는 것과 관련해 “출마선언문을 ,23분전,https://news.naver.com/main/read.nhn?mode=LSD&mid=sec&sid1=100&oid=011&aid=0003496806,"박주민 ""황교안, 출마선언문 말고 반성문부터 써야"""
연합뉴스,(대구=연합뉴스) 이강일 기자 = 대구지법 형사11부(손현찬 부장판사)는 30일 6·13 지방선거 대구시장 경선 때 여론조사 조 ,23분전,https://news.naver.com/main/read.nhn?mode=LSD&mid=sec&sid1=100&oid=001&aid=0010610011,한국당 대구시장 경선 개입 혐의 대구 동구의원 벌금 300만원
연합뉴스,(서울=연합뉴스) 김승두 기자 = 이낙연 국무총리가 30일 정부서울청사에서 제20회 장애인정책조정위원회를 주재하고 발언하고 있다 ,23분전,https://news.naver.com/main/read.nhn?mode=LSD&mid=sec&sid1=100&oid=001&aid=0010610010,장애인정책조정위원회서 발언하는 이낙연 총리
연합뉴스,(서울=연합뉴스) 김승두 기자 = 이낙연 국무총리가 30일 정부서울청사에서 제20회 장애인정책조정위원회를 주재하고 발언하고 있다 ,23분전,https://news.naver.com/main/read.nhn?mode=LSD&mid=sec&sid1=100&oid=001&aid=0010610009,장애인정책조정위원회서 발언하는 이낙연 총리
연합뉴스,(서울=연합뉴스) 김승두 기자 = 이낙연 국무총리가 30일 정부서울청사에서 제20회 장애인정책조정위원회를 주재하고 발언하고 있다 ,23분전,https://news.naver.com/main/read.nhn?mode=LSD&mid=sec&sid1=100&oid=001&aid=0010610008,장애인정책조정위원회 주재하는 이낙연 총리
연합뉴스,(서울=연합뉴스) 김승두 기자 = 이낙연 국무총리가 30일 정부서울청사에서 제20회 장애인정책조정위원회를 주재하고 발언하고 있다 ,23분전,https://news.naver.com/main/read.nhn?mode=LSD&mid=sec&sid1=100&oid=001&aid=0010610007,장애인정책조정위원회 주재하는 이낙연 총리
조선일보,손혜원 국정조사 조해주 사퇴 없이 여당과 대화 어려워 민주 12월 임시국회 합의 어겨놓고 필요할 때만 민생국회 운운  ,24분전,https://news.naver.com/main/read.nhn?mode=LSD&mid=sec&sid1=100&oid=023&aid=0003424719,"나경원 ""손혜원 국조 받으면 이해충돌 전수조사 수용"""
이데일리,[이데일리 방인권 기자] 김병준 자유한국당 비상대책위원장과 나경원 원내대표를 비롯한 의원들이 30일 오전 서울 영등포구 여의도  ,24분전,https://news.naver.com/main/read.nhn?mode=LSD&mid=sec&sid1=100&oid=018&aid=0004302117,[포토]나란히 걷는 김병준-나경원
연합뉴스,이정동 경제과학특보도 참석,25분전,https://news.naver.com/main/read.nhn?mode=LSD&mid=sec&sid1=100&oid=001&aid=0010610004,"문대통령, 국민경제자문회의 부의장 오찬…경제활력 제고안 논의"
스포츠경향,[속보] 법원 “드루킹 일당 댓글 조작으로 포털사이트 업무 방해” 온라인뉴스팀 sportskyunghyang@kyunghyan ,25분전,https://news.naver.com/main/read.nhn?mode=LSD&mid=sec&sid1=100&oid=144&aid=0000593672,"[속보] 법원 “드루킹 일당, 댓글 조작으로 포털사이트 업무 방해”"
헤럴드경제,-설 앞두고 여론 악화 우려,25분전,https://news.naver.com/main/read.nhn?mode=LSD&mid=sec&sid1=100&oid=016&aid=0001493640,설전(前)가상 靑…‘野 공격모드’로 설민심 악화 차단 나섰다
서울경제,[서울경제] 공군은 30일 김해 공군기지에서 정경두 국방부 장관 주관으로 공중급유기 ‘KC-330’ 전력화 행사를 가졌다. 유럽 ,25분전,https://news.naver.com/main/read.nhn?mode=LSD&mid=sec&sid1=100&oid=011&aid=0003496801,공중급유기 ‘KC-330’ 전력화···“전투기 작전능력 신장”
서울경제,[서울경제] 나경원 자유한국당 원내대표는 30일 “여당이 손혜원 의원 사태에 대해 물타기를 하기 위해 여러 가지 주장을 하는데  ,25분전,https://news.naver.com/main/read.nhn?mode=LSD&mid=sec&sid1=100&oid=011&aid=0003496800,"나경원 ""손혜원 국정조사 하면 이해충돌 전수조사 나설 것"""
아시아경제,[아시아경제 임춘한 기자] 하태경 바른미래당 최고위원은 30일 최근 논란이 되고 있는 ‘버닝썬’ 클럽 폭행 사건과 관련해 “행정 ,27분전,https://news.naver.com/main/read.nhn?mode=LSD&mid=sec&sid1=100&oid=277&aid=0004404140,하태경 “버닝썬과 강남경찰서 ‘유착’ 의혹 즉각 조사해야”
뉴시스,【서울=뉴시스】최진석 기자 = 이낙연 국무총리가 30일 세종로 정부서울청사에서 열린 장애인정책조정위원회에 참석하고 있다. 201 ,27분전,https://news.naver.com/main/read.nhn?mode=LSD&mid=sec&sid1=100&oid=003&aid=0009039177,장애인청책조정위원회 참석하는 이낙연 총리
뉴시스,【서울=뉴시스】최진석 기자 = 이낙연 국무총리가 30일 세종로 정부서울청사에서 열린 장애인정책조정위원회에서 모두발언을 하고 있다 ,27분전,https://news.naver.com/main/read.nhn?mode=LSD&mid=sec&sid1=100&oid=003&aid=0009039176,장애인정책조정위원회 주재하는 이낙연 총리
뉴시스,【서울=뉴시스】최진석 기자 = 이낙연 국무총리가 30일 세종로 정부서울청사에서 열린 장애인정책조정위원회에서 모두발언을 하고 있다 ,27분전,https://news.naver.com/main/read.nhn?mode=LSD&mid=sec&sid1=100&oid=003&aid=0009039175,모두발언하는 이낙연 총리
뉴시스,【서울=뉴시스】최진석 기자 = 이낙연 국무총리가 30일 세종로 정부서울청사에서 열린 장애인정책조정위원회에서 모두발언을 하고 있다 ,27분전,https://news.naver.com/main/read.nhn?mode=LSD&mid=sec&sid1=100&oid=003&aid=0009039174,"이낙연 총리, '장애인정책조정위원회 모두발언'"
뉴시스,【서울=뉴시스】최진석 기자 = 이낙연 국무총리가 30일 세종로 정부서울청사에서 열린 장애인정책조정위원회에서 모두발언을 하고 있다 ,27분전,https://news.naver.com/main/read.nhn?mode=LSD&mid=sec&sid1=100&oid=003&aid=0009039173,모두발언하는 이낙연 총리
뉴시스,【서울=뉴시스】최진석 기자 = 이낙연 국무총리가 30일 세종로 정부서울청사에서 열린 장애인정책조정위원회에 참석하고 있다. 201 ,27분전,https://news.naver.com/main/read.nhn?mode=LSD&mid=sec&sid1=100&oid=003&aid=0009039172,장애인정책조정위원회 참석하는 이낙연 국무총리
뉴시스,【서울=뉴시스】최진석 기자 = 이낙연 국무총리가 30일 세종로 정부서울청사에서 열린 장애인정책조정위원회에서 모두발언을 하고 있다 ,27분전,https://news.naver.com/main/read.nhn?mode=LSD&mid=sec&sid1=100&oid=003&aid=0009039171,모두발언하는 이낙연 총리
뉴시스,【서울=뉴시스】이재우 이재은 기자 = 조해주 중앙선거관리위원회 상임위원 임명을 놓고 야당 측 반발이 이어지고 있는 가운데 지난  ,27분전,https://news.naver.com/main/read.nhn?mode=LSD&mid=sec&sid1=100&oid=003&aid=0009039170,조해주 '공명선거특보' 기재 미스터리…백서 등장 과정 묘연
뉴시스,【서울=뉴시스】박영태 기자 = 30일 오전 서울 영등포구 여의도 국회에서 열린 자유한국당 비상대책위원회-중진의원 연석회의에서 정 ,27분전,https://news.naver.com/main/read.nhn?mode=LSD&mid=sec&sid1=100&oid=003&aid=0009039169,발언하는 정갑윤 의원
뉴시스,【서울=뉴시스】박영태 기자 = 30일 오전 서울 영등포구 여의도 국회에서 열린 자유한국당 비상대책위원회-중진의원 연석회의에서 한 ,27분전,https://news.naver.com/main/read.nhn?mode=LSD&mid=sec&sid1=100&oid=003&aid=0009039168,발언하는 한선교
뉴시스,【서울=뉴시스】박영태 기자 = 30일 오전 서울 영등포구 여의도 국회에서 열린 자유한국당 비상대책위원회-중진의원 연석회의에서 심 ,27분전,https://news.naver.com/main/read.nhn?mode=LSD&mid=sec&sid1=100&oid=003&aid=0009039167,발언하는 심재철
뉴시스,【서울=뉴시스】박영태 기자 = 30일 오전 서울 영등포구 여의도 국회에서 열린 자유한국당 비상대책위원회-중진의원 연석회의에서 원 ,27분전,https://news.naver.com/main/read.nhn?mode=LSD&mid=sec&sid1=100&oid=003&aid=0009039166,발언하는 원유철
뉴시스,【서울=뉴시스】박영태 기자 = 30일 오전 서울 영등포구 여의도 국회에서 열린 자유한국당 비상대책위원회-중진의원 연석회의에서 유 ,27분전,https://news.naver.com/main/read.nhn?mode=LSD&mid=sec&sid1=100&oid=003&aid=0009039165,발언하는 유기준 의원
뉴시스,【서울=뉴시스】박영태 기자 = 30일 오전 서울 영등포구 여의도 국회에서 열린 자유한국당 비상대책위원회-중진의원 연석회의에서 유 ,27분전,https://news.naver.com/main/read.nhn?mode=LSD&mid=sec&sid1=100&oid=003&aid=0009039164,발언하는 유기준 의원
뉴시스,【서울=뉴시스】박영태 기자 = 30일 오전 서울 영등포구 여의도 국회에서 열린 자유한국당 비상대책위원회-중진의원 연석회의에서 심 ,27분전,https://news.naver.com/main/read.nhn?mode=LSD&mid=sec&sid1=100&oid=003&aid=0009039163,발언하는 심재철 의원
KBS,자유한국당 나경원 원내대표는 손혜원 의원 의혹에 대한 국정조사를 한다면 이해충돌에 관한 국회의원 전수조사를 해도 좋다고 말했 ,28분전,https://news.naver.com/main/read.nhn?mode=LSD&mid=sec&sid1=100&oid=056&aid=0010666478,나경원 “손혜원 국정조사 하면 ‘이해충돌’ 전수조사 해도 좋아”
KBS,우리 군의 첫 공중급유기 '시그너스'가 오늘 전력화됩니다. '하늘의 주유소'라고 불리는 공중급유기가 전력화됨에 따라 독도와 이어 ,28분전,https://news.naver.com/main/read.nhn?mode=LSD&mid=sec&sid1=100&oid=056&aid=0010666477,첫 공중급유기 ‘시그너스’ 전력화…작전시간 획기적 증가
KBS,어제 정부가 예비타당성조사(이하 예타) 면제 대상 사업들을 발표한 가운데 바른미래당 손학규 대표는 예타 제도는 개별 사업들이  ,28분전,https://news.naver.com/main/read.nhn?mode=LSD&mid=sec&sid1=100&oid=056&aid=0010666476,손학규 “예타는 최소한의 안전장치…경기부양 급급해선 안돼”
이데일리,[이데일리 방인권 기자] 김무성 의원이 30일 오전 서울 영등포구 여의도 국회에서 열린 '자유한국당 비대위원회·중진의원 회의' ,28분전,https://news.naver.com/main/read.nhn?mode=LSD&mid=sec&sid1=100&oid=018&aid=0004302114,[포토]밝게 웃는 김무성 의원
SBS,북한이 지난해 6·12 북미정상회담 합의에도 여전히 수십 개의 핵무기와 생산할 수 있는 물질을 보유하고 있으며 앞으로도 생산할  ,28분전,https://news.naver.com/main/read.nhn?mode=LSD&mid=sec&sid1=100&oid=055&aid=0000707126,"美 연구소 ""北, 수십 개 핵무기 보유…계속 생산할 수 있어"""
이데일리,[이데일리 방인권 기자] 김무성 의원이 30일 오전 서울 영등포구 여의도 국회에서 열린 '자유한국당 비대위원회·중진의원 회의' ,28분전,https://news.naver.com/main/read.nhn?mode=LSD&mid=sec&sid1=100&oid=018&aid=0004302113,"[포토]'자유한국당, 비대위원회·중진의원 회의' 참석하는 김무성"
서울경제,[서울경제] 이해찬 더불어민주당 대표가 30일 “민주노총에서도 경제사회노동위원회(경사노위)에 공감대가 어느 정도 있는 것으로 확 ,28분전,https://news.naver.com/main/read.nhn?mode=LSD&mid=sec&sid1=100&oid=011&aid=0003496795,"이해찬 ""민주노총, 경사노위 참여 공감대 확인"""
한국경제,지난해 공동조사 내용 반영 수심·해안선·암초 등 표기 [ 이미아 기자 ] 남북 군사당국이 30일 한강하구 해도(海圖) 전달을 위 ,28분전,https://news.naver.com/main/read.nhn?mode=LSD&mid=sec&sid1=100&oid=015&aid=0004086730,"남북, ‘한강하구 海圖’ 전달 판문점 군사실무접촉"
뉴스1,(서울=뉴스1) 안은나 기자 = 이낙연 국무총리가 30일 오전 서울 종로구 정부서울청사에서 열린 장애인정책조정위원회에서 모두발언 ,29분전,https://news.naver.com/main/read.nhn?mode=LSD&mid=sec&sid1=100&oid=421&aid=0003811326,모두발언하는 이낙연 총리
뉴스1,(서울=뉴스1) 안은나 기자 = 이낙연 국무총리가 30일 오전 서울 종로구 정부서울청사에서 열린 장애인정책조정위원회에 입장하고  ,29분전,https://news.naver.com/main/read.nhn?mode=LSD&mid=sec&sid1=100&oid=421&aid=0003811325,장애인정책조정위 참석하는 이낙연 총리
이데일리,[이데일리 방인권 기자] 정진석 의원(왼쪽)과 김무성 의원이 30일 오전 서울 영등포구 여의도 국회에서 열린 '자유한국당 비대 ,29분전,https://news.naver.com/main/read.nhn?mode=LSD&mid=sec&sid1=100&oid=018&aid=0004302111,"[포토]'자유한국당, 비대위원회·중진의원 회의' 참석하는 정진석-김무성"
아시아경제,[아시아경제 부애리 기자] 정부가 사회간접자본(SOC)사업의 예비타당성조사(예타) 면제 대상을 발표한 가운데 수도권이 제외되면서 ,30분전,https://news.naver.com/main/read.nhn?mode=LSD&mid=sec&sid1=100&oid=277&aid=0004404130,예타 면제 발표 후폭풍…與에서도 '수도권 민심' 우려 목소리
데일리안,30일 오전 서울 여의도 국회에서 열린 민주평화당 제1회 국민경청 최고위원회의에 정동영 민주평화당 대표가 회의를 주재하고 있다. ,30분전,https://news.naver.com/main/read.nhn?mode=LSD&mid=sec&sid1=100&oid=119&aid=0002308811,<포토>민평당 '국민 경청 최고위원회의...마이크를 빌려드립니다'
데일리안,30일 오전 서울 여의도 국회에서 열린 민주평화당 제1회 국민경청 최고위원회의에 정동영 민주평화당 대표가 회의를 주재하고 있다. ,30분전,https://news.naver.com/main/read.nhn?mode=LSD&mid=sec&sid1=100&oid=119&aid=0002308810,<포토>국민경청 최고위원회의 갖는 민주평화당
세계일보,박지원 민주평화당 의원은 30일 자유한국당을 향해 색깔론을 무덤으로 보낼 것을 요구했다. 박 의원은 이날 자신의 페이스북에  ,31분전,https://news.naver.com/main/read.nhn?mode=LSD&mid=sec&sid1=100&oid=022&aid=0003337288,"박지원 ""한국당, 색깔론 무덤으로 보내고 어두운 과거와 작별해야"""
뉴스1,(서울=뉴스1) 김다혜 기자 = 한국 정부가 북한에 억류 중인 납북자의 정보를 요구해야 한다고 국제 인권단체인 엠네스티 인터내셔 ,31분전,https://news.naver.com/main/read.nhn?mode=LSD&mid=sec&sid1=100&oid=421&aid=0003811321,"앰네스티 ""한국 정부, 北에 납북자 정보 요구해야"""
뉴스1,(서울=뉴스1) 안은나 기자 = 이낙연 국무총리가 30일 오전 서울 종로구 정부서울청사에서 열린 장애인정책조정위원회에서 모두발언 ,31분전,https://news.naver.com/main/read.nhn?mode=LSD&mid=sec&sid1=100&oid=421&aid=0003811322,모두발언하는 이낙연 총리
뉴스1,(서울=뉴스1) 안은나 기자 = 이낙연 국무총리가 30일 오전 서울 종로구 정부서울청사에서 열린 장애인정책조정위원회에서 모두발언 ,31분전,https://news.naver.com/main/read.nhn?mode=LSD&mid=sec&sid1=100&oid=421&aid=0003811320,이낙연 총리 '장애등급제 폐지 6개월 앞으로'
뉴스1,(목포=뉴스1) 박영래 기자 = 정의당 윤소하 의원은 목포 서산·온금지구 주택재개발사업 시공사가 사업참여 철회를 밝힌 것과 관련 ,31분전,https://news.naver.com/main/read.nhn?mode=LSD&mid=sec&sid1=100&oid=421&aid=0003811319,"윤소하 ""목포 원도심 난개발이 마침표 찍은 날"""
뉴스1,(서울=뉴스1) 안은나 기자 = 이낙연 국무총리가 30일 오전 서울 종로구 정부서울청사에서 열린 장애인정책조정위원회에서 모두발언 ,31분전,https://news.naver.com/main/read.nhn?mode=LSD&mid=sec&sid1=100&oid=421&aid=0003811318,"이낙연 총리, 장애인정책조정위원회"
SBS,자유한국당 나경원 원내대표는 30일 여당이 손혜원 의원 사태에 대해 물타기를 하기 위해 여러 가지 주장을 하는데 손 의원에 대 ,32분전,https://news.naver.com/main/read.nhn?mode=LSD&mid=sec&sid1=100&oid=055&aid=0000707124,"나경원 ""손혜원 국정조사 하면 이해충돌 전수조사해도 좋다"""
연합뉴스,하원 '플랜B' 수정안 표결,32분전,https://news.naver.com/main/read.nhn?mode=LSD&mid=sec&sid1=100&oid=001&aid=0010609978,"英 하원 ""브렉시트 연기 없이 재협상""…EU ""불가"" 즉각 거부(종합2보)"
머니투데이,[머니투데이 강주헌 기자] [[the300]바른미래당 대표 총선 앞 오얏나무 아래서 갓끈 고쳐 매선 안돼] 손학규 바른미래 ,32분전,https://news.naver.com/main/read.nhn?mode=LSD&mid=sec&sid1=100&oid=008&aid=0004167743,"손학규 ""산업구조 바꿔야하는데, 토목 예타 면제라니"""
뉴시스,【서울=뉴시스】김지훈 기자 = 북한이 오는 3월 최고인민회의 대의원선거를 치르기 위한 선거구를 구성했다고 조선중앙통신이 30일  ,33분전,https://news.naver.com/main/read.nhn?mode=LSD&mid=sec&sid1=100&oid=003&aid=0009039144,"北, 최고인민회의 14기 대의원 선거구 구성 "
동아일보,신지예 녹색당 공동운영위원장이 24조 원 규모의 예비타당성 조사 면제사업에 대해 한국은 인프라가 이미 충분하기 때문에 도로에  ,33분전,https://news.naver.com/main/read.nhn?mode=LSD&mid=sec&sid1=100&oid=020&aid=0003196257,"예비타당성 면제사업 비판 신지예 “토건 잔치판, 4대강 사업과 뭐가 달라?”"
이데일리,[이데일리 방인권 기자] 김병준 자유한국당 비상대책위원장이 30일 오전 서울 영등포구 여의도 국회에서 열린 '자유한국당 비대위 ,33분전,https://news.naver.com/main/read.nhn?mode=LSD&mid=sec&sid1=100&oid=018&aid=0004302108,"[포토]'자유한국당, 비대위원회·중진의원 회의'"
